﻿username,user_id,email
James Reames,WLLB4U058,james.reames@uipath.com
Nate Dayvault,U019RBLCC8M,nathan.dayvault@uipath.com
Eric Armstrong,U01D2TQEYF6,eric.armstrong@uipath.com
Dina Own,WLRD49SHF,dina.own@uipath.com
Joseph Yoon,WLLBGM143,joseph.yoon@uipath.com
Melody He,WLXP0HA00,melody.he@uipath.com
Kiran Muppala,U01T6PT8ARH,kiran.muppala@uipath.com
Chelsea Dupuy,WLXNV2SHW,chelsea.dupuy@uipath.com
Angela Welk,U01BW32JQP4,angela.welk@uipath.com
Matt Berube,WLZTR56R4,matthew.berube@uipath.com
Ammar Kantawala,WN9A2C4Q2,ammar.kantawala@uipath.com
Tom Moshier,WLRD95TLH,tom.moshier@uipath.com
Zheng Tan,WLXPJ0E69,zheng.tan@uipath.com
Stephen Madigan,U01ABM86B7G,stephen.madigan@uipath.com
